
DELETE FROM link_tag;
DELETE FROM tags;
DELETE FROM links;
DELETE FROM categories;
DELETE FROM users;

INSERT INTO users (id, email, password, name, website, bio, role) VALUES
(1, 'admin@gmail.com', '$2a$10$hKDVYxLefVHV/vtuPhWD3OigtRyOykRLDdUAp80Z1crSoS1lFqaFS','Admin', 'http://geeksclub.com', 'I am the creator of TechCorner', 'ROLE_ADMIN'),
(2, 'siva@gmail.com', '$2a$10$UFEPYW7Rx1qZqdHajzOnB.VBR3rvm7OI7uSix4RadfQiNhkZOi2fi','Siva', 'https://sivalabs.in','I am Siva, a passionate software developer, blogger and book author. My current technical focus is on modern architectures including microservices, continuous integration and continuous delivery (CI/CD), and DevOps. My technical skills include Java 8, Kotlin, Groovy, Spring, SpringBoot, Spring Security, Spring Cloud, Hibernate/JPA, MySQL, ElasticSearch, Cassandra, Redis, MongoDB, Kafka, Jenkins, Ansible etc.', 'ROLE_USER')
;

INSERT INTO categories(id, name, label) VALUES
(1, 'java', 'Java'),
(2, 'go', 'Go'),
(3, 'aws', 'AWS'),
(4, 'ansible', 'Ansible'),
(5, 'jenkins', 'Jenkins'),
(6, 'microservices', 'MicroServices'),
(7, 'android', 'Android'),
(8, 'docker','Docker'),
(9, 'kubernetes','Kubernetes'),
(10, 'kotlin', 'Kotlin'),
(11, 'scala', 'Scala'),
(12, 'angularjs', 'AngularJS'),
(13, 'vuejs','VueJS'),
(14, 'bigdata','BigData'),
(15, 'reactjs', 'ReactJS')
;

INSERT INTO tags(id, name) VALUES
(1, 'MicroServices'),
(2, 'SpringBoot'),
(3, 'SpringCloud'),
(4, 'Spring'),
(5, 'Java'),
(6, 'E-Commerce'),
(7, 'Tips'),
(8, 'RabbitMQ'),
(9, 'SpringSession'),
(10, 'Tools'),
(11, 'docker'),
(12, 'sonarqube'),
(13, 'travis-ci'),
(14, 'Misc'),
(15, 'Blogging'),
(16, 'Books'),
(17, 'IDE'),
(18, 'Android'),
(19, 'jooq')
;

INSERT INTO links(id, title, url, cat_id, created_by, created_on) VALUES
(1, 'MicroServices – Part 6 : Distributed Tracing with Spring Cloud Sleuth and Zipkin','https://sivalabs.in/2018/03/microservices-part-6-distributed-tracing-with-spring-cloud-sleuth-and-zipkin/', 6, 2, '2018-03-27'),
(2, 'MicroServices – Part 5 : Spring Cloud Zuul Proxy as API Gateway','https://sivalabs.in/2018/03/microservices-part-5-spring-cloud-zuul-proxy-as-api-gateway/', 6,2, '2018-03-27'),
(3, 'MicroServices – Part 4 : Spring Cloud Circuit Breaker using Netflix Hystrix','https://sivalabs.in/2018/03/spring-cloud-netflix-circuit-breaker/', 6,2, '2018-03-27'),
(4, 'MicroServices – Part 3 : Spring Cloud Service Registry and Discovery','https://sivalabs.in/2018/03/microservices-springcloud-eureka/', 6,2, '2018-03-27'),
(5, 'MicroServices – Part 2 : Configuration Management with Spring Cloud Config and Vault','https://sivalabs.in/2018/03/microservices-part-2-configuration-management-spring-cloud-config-vault/', 6,2, '2018-03-27'),
(6, 'MicroServices using Spring Boot & Spring Cloud – Part 1 : Overview','https://sivalabs.in/2018/03/microservices-using-springboot-spring-cloud-part-1-overview/', 6,2, '2018-03-27'),
(7, 'Why SpringBoot is so popular and how to learn SpringBoot effectively?','https://sivalabs.in/2018/02/why-springboot-so-popular-how-to-learn-springboot/', 1, 2, '2018-03-27'),
(8, 'SpringBoot Messaging with RabbitMQ','https://sivalabs.in/2018/02/springboot-messaging-rabbitmq/', 1, 2, '2018-03-27'),
(9, 'Session Management using Spring Session with JDBC DataStore','https://sivalabs.in/2018/02/session-management-using-spring-session-jdbc-datastore/', 1, 2, '2018-03-27'),
(10, 'CI/CD for SpringBoot applications using Travis-CI','https://sivalabs.in/2018/01/ci-cd-springboot-applications-using-travis-ci/', 1, 2, '2018-03-27'),
(11, 'How was my year 2017 and my plans for 2018','https://sivalabs.in/2018/01/how-was-my-year-2017-and-plan-for-2018/', 1, 2, '2018-03-27'),
(12, 'My Review of Vlad Mihalcea’s High-Performance Java Persistence book','https://sivalabs.in/2017/11/my-review-of-vlad-mihalceas-high-performance-java-persistence-book/', 1, 2, '2018-03-27'),
(13, 'Select ALL starters on Spring Initializer (http://start.spring.io)','https://sivalabs.in/2017/10/select-all-starters-on-spring-initializer-httpstart-spring-io/',1,  2, '2018-03-27'),
(14, 'Spring Cloud Tutorials – Auto Refresh Config Changes using Spring Cloud Bus','https://sivalabs.in/2017/08/spring-cloud-tutorials-auto-refresh-config-changes-using-spring-cloud-bus/', 1, 2, '2018-03-27'),
(15, 'Spring Cloud Tutorials – Introduction to Spring Cloud Config Server','https://sivalabs.in/2017/08/spring-cloud-tutorials-introduction-to-spring-cloud-config-server/', 1, 2, '2018-03-27'),
(16, 'Getting Started with SpringBoot in Intellij IDEA Community Edition','https://sivalabs.in/2016/09/getting-started-springboot-intellij-idea-community-edition/', 1, 2, '2018-03-27'),
(17, 'Update on SpringBoot : Learn By Example book','https://sivalabs.in/2016/07/update-springboot-learn-example-book/', 1, 2, '2018-03-27'),
(18, 'How to fix “vt-x is disabled in the bios” error?','https://sivalabs.in/2016/07/fix-vt-x-disabled-bios-error/', 2, 2, '2018-03-27'),
(19, 'My New Book SpringBoot : Learn By Example Published Today','https://sivalabs.in/2016/07/my-new-book-springboot-learn-by-example/', 3, 2, '2018-03-27'),
(20, 'My Review of Sanjay Patel’s Spring Course','https://sivalabs.in/2016/06/my-review-of-sanjay-patels-spring-course/', 4, 2, '2018-03-27'),
(21, 'Creating Custom SpringBoot Starter for Twitter4j','https://sivalabs.in/2016/04/creating-custom-springboot-starter-for/', 5, 2, '2018-03-27'),
(22, 'SpringBoot : Working with JOOQ','https://sivalabs.in/2016/03/springboot-working-with-jooq/', 4, 2, '2018-03-27'),
(23, 'SpringBoot : Working with MyBatis','https://sivalabs.in/2016/03/springboot-working-with-mybatis/', 8, 2, '2018-03-27'),
(24, 'SpringBoot : Working with JdbcTemplate','https://sivalabs.in/2016/03/springboot-working-with-jdbctemplate/', 1, 2, '2018-03-27'),
(25, 'How SpringBoot AutoConfiguration magic works?','https://sivalabs.in/2016/03/how-springboot-autoconfiguration-magic/', 9, 2, '2018-03-27'),
(26, 'Why SpringBoot?','https://sivalabs.in/2016/03/why-springboot/', 1, 2, '2018-03-27')
;

INSERT INTO link_tag(link_id, tag_id) VALUES
(1, 1),
(1, 2),
(1, 3),
(2, 1),
(2, 2),
(2, 3),
(2, 4),
(3, 1),
(3, 2),
(3, 3),
(4, 1),
(4, 4),
(4, 2),
(4, 3),
(5, 1),
(5, 2),
(5, 3),
(5, 5),
(6, 1),
(6, 2),
(6, 3),
(6, 6),
(6, 5),
(6, 4),
(7, 4),
(7, 7),
(7, 2),
(8, 4),
(8, 8),
(8, 2),
(9, 5),
(9, 4),
(9, 2),
(9, 9),
(10, 4),
(10, 10),
(10, 11),
(10, 12),
(10, 2),
(10, 13),
(11, 14),
(11, 15),
(12, 16),
(13, 4),
(13, 7),
(13, 2),
(14, 5),
(14, 4),
(14, 2),
(14, 3),
(15, 5),
(15, 4),
(15, 2),
(15, 3),
(16, 17),
(16, 4),
(16, 2),
(17, 16),
(17, 4),
(17, 2),
(18, 7),
(18, 18),
(19, 16),
(19, 4),
(19, 2),
(20, 4),
(21, 4),
(21, 2),
(22, 4),
(22, 19),
(22, 2),
(23, 4),
(23, 2),
(24, 4),
(24, 2),
(25, 4),
(25, 2),
(26, 4),
(26, 2)
;

